id;street_name;complex_name;city;postal_code;province
1;Reilly Ridges;Interactions Future Quality;Cartershire;84543;Home Loan Account
2;Ofelia Grove;navigating Solutions;Binsfurt;26052;Architect South Dakota JSON
3;Kuhic Parkways;Pants Mandatory Berkshire;South Nayeliburgh;27410;Chips override
4;Muller Dam;Tasty microchip Awesome Wooden Table;New Olebury;84516;Ports Designer
5;Richie Estate;Guyana Dollar bypassing;Lake Tyreek;46131;Pizza
6;Gleason Drives;PNG grow;Donnellystad;88806;driver Alaska contextually-based
7;Simonis Ridges;Human ubiquitous initiative;New Wilhelmstad;84998;Assimilated transmit SCSI
8;Hoppe Canyon;systemic alarm;New Isabellemouth;15170;withdrawal object-oriented USB
9;Ernest Field;calculating Awesome Fresh Chips invoice;Rowestad;20287;motivating
10;Norwood Stream;relationships Borders Awesome;North Westley;93874;input payment
